id,name,address,phone_number
1,Adiarja,DKI Jakarta,08181818
2,Suteja,Jawa Tengah,08181819
3,Pia,Jawa Barat,08181820
4,Winarsih,Jawa Timur,08181821
5,Karma,Jawa Tengah,08181822
6,Salahudin,Kalimantan Selatan,08181823
7,Anom,Jambi,08181824
8,Nugroho,Aceh,08181825
9,Wani,Papua,08181826
10,Lailasari,DIY,08181827
11,Koko,Sumatera Selatan,08181828
12,Winarno,Kalimantan Selatan,08181829
13,Elma,Jambi,08181830
14,Prastuti,Aceh,08181831
15,Raina,Papua,08181832
16,Fujiati,DIY,08181833
17,Cemplunk,Sumatera Selatan,08181834
18,Wibisono,Jawa Barat,08181835
19,Opan,Jawa Timur,08181836
20,Hutahea,Jawa Tengah,08181837
